{"frames":[
    {"filename":"Still_2",
     "frame":{"x":277,"y":619,"w":172,"h":200},"rotated":false,"trimmed":false,"spriteSourceSize":{"x":0,"y":0,"w":172,"h":200},"sourceSize":{"w":172,"h":200}},
    {"filename":"Still_1",
     "frame":{"x":490,"y":402,"w":172,"h":200},"rotated":false,"trimmed":false,"spriteSourceSize":{"x":0,"y":0,"w":172,"h":200},"sourceSize":{"w":172,"h":200}},
    {"filename":"walk_2",
     "frame":{"x":663,"y":402,"w":172,"h":200},"rotated":false,"trimmed":false,"spriteSourceSize":{"x":0,"y":0,"w":172,"h":200},"sourceSize":{"w":172,"h":200}},
    {"filename":"walk_1",
     "frame":{"x":317,"y":201,"w":172,"h":200},"rotated":false,"trimmed":false,"spriteSourceSize":{"x":0,"y":0,"w":172,"h":200},"sourceSize":{"w":172,"h":200}},
    {"filename":"blink _6",
     "frame":{"x":297,"y":418,"w":172,"h":200},"rotated":false,"trimmed":false,"spriteSourceSize":{"x":0,"y":0,"w":172,"h":200},"sourceSize":{"w":172,"h":200}},
    {"filename":"blink_5",
     "frame":{"x":663,"y":201,"w":172,"h":200},"rotated":false,"trimmed":false,"spriteSourceSize":{"x":0,"y":0,"w":172,"h":200},"sourceSize":{"w":172,"h":200}},
    {"filename":"blink_4",
     "frame":{"x":490,"y":201,"w":172,"h":200},"rotated":false,"trimmed":false,"spriteSourceSize":{"x":0,"y":0,"w":172,"h":200},"sourceSize":{"w":172,"h":200}},
    {"filename":"blink_3",
     "frame":{"x":490,"y":0,"w":172,"h":200},"rotated":false,"trimmed":false,"spriteSourceSize":{"x":0,"y":0,"w":172,"h":200},"sourceSize":{"w":172,"h":200}},
    {"filename":"blink_2",
     "frame":{"x":663,"y":0,"w":172,"h":200},"rotated":false,"trimmed":false,"spriteSourceSize":{"x":0,"y":0,"w":172,"h":200},"sourceSize":{"w":172,"h":200}},
    {"filename":"blink_1",
     "frame":{"x":0,"y":0,"w":172,"h":200},"rotated":false,"trimmed":false,"spriteSourceSize":{"x":0,"y":0,"w":172,"h":200},"sourceSize":{"w":172,"h":200}},
    {"filename":"w&a_8",
     "frame":{"x":663,"y":603,"w":172,"h":200},"rotated":false,"trimmed":false,"spriteSourceSize":{"x":0,"y":0,"w":172,"h":200},"sourceSize":{"w":172,"h":200}},
    {"filename":"w&a_1",
     "frame":{"x":317,"y":0,"w":172,"h":200},"rotated":false,"trimmed":false,"spriteSourceSize":{"x":0,"y":0,"w":172,"h":200},"sourceSize":{"w":172,"h":200}},
    {"filename":"w&a_2",
     "frame":{"x":450,"y":619,"w":192,"h":200},"rotated":false,"trimmed":false,"spriteSourceSize":{"x":0,"y":0,"w":192,"h":200},"sourceSize":{"w":192,"h":200}},
    {"filename":"w&a_3",
     "frame":{"x":0,"y":201,"w":316,"h":216},"rotated":false,"trimmed":false,"spriteSourceSize":{"x":0,"y":0,"w":316,"h":216},"sourceSize":{"w":316,"h":216}},
    {"filename":"w&a_4",
     "frame":{"x":0,"y":820,"w":332,"h":200},"rotated":false,"trimmed":false,"spriteSourceSize":{"x":0,"y":0,"w":332,"h":200},"sourceSize":{"w":332,"h":200}},
    {"filename":"w&a_5",
     "frame":{"x":333,"y":820,"w":332,"h":200},"rotated":false,"trimmed":false,"spriteSourceSize":{"x":0,"y":0,"w":332,"h":200},"sourceSize":{"w":332,"h":200}},
    {"filename":"w&a_6",
     "frame":{"x":0,"y":418,"w":296,"h":200},"rotated":false,"trimmed":false,"spriteSourceSize":{"x":0,"y":0,"w":296,"h":200},"sourceSize":{"w":296,"h":200}},
    {"filename":"w&a_7",
     "frame":{"x":0,"y":619,"w":276,"h":200},"rotated":false,"trimmed":false,"spriteSourceSize":{"x":0,"y":0,"w":276,"h":200},"sourceSize":{"w":276,"h":200}}
],
 "meta":{"app":"https://www.leshylabs.com/apps/sstool/","version":"Leshy SpriteSheet Tool v0.8.4","image":"knight spritesheet.png","size":{"w":835,"h":1020},"scale":1}}